ID,Group,Feature_1,Feature_2,Feature_3
ID202,A,2357.38744673307,421.0234860627299,4975.008782220813
ID535,B,2560.6165090611457,416.6358107189738,5126.797016982462
ID960,A,2351.3229217299663,394.5589312977333,5085.502258809548
ID370,B,2531.6426073049083,392.4610080909065,5063.694798387955
ID206,B,2544.465518566696,386.5600178977825,5098.369517457199
ID171,C,2400.464463607598,386.0367820870989,-2049.3917508250393
ID800,C,2589.073808377489,405.29811091761763,-2192.7853611209243
ID120,C,2328.220637623837,399.70322027177554,-1929.6407662634626
ID714,C,2529.645893399856,390.6459184760619,-2130.545557334564
ID221,C,2495.9142066403992,376.76855616815084,-2101.268468791425
ID566,A,2488.1002024269105,401.5926815173332,5445.716003196059
ID314,B,2382.2103357019428,392.95671731408,4781.905614910324
ID430,B,2406.297799560007,397.0705345662686,4807.164859089598
ID558,A,2661.88020250206,404.56992743047124,5961.232052958057
ID187,B,2621.515500887175,362.47295707918204,5250.008191999922
ID472,B,2574.20845885238,377.00088094436313,5145.978084753078
ID199,C,2593.984810352969,434.44664615207785,-2146.216752920895
ID971,C,2584.601354467127,392.40084239950573,-2197.055761808979
ID763,B,2467.6643787713792,362.2385034640371,4930.654337647395
ID230,A,2504.760355181435,378.2508973072562,5635.650338458535
ID761,A,2352.7491621958993,437.26701052962153,4862.754941280377
ID408,C,2491.0304373192475,389.4550380959524,-2098.5882500794955
ID869,C,2618.3414249539187,417.38522867345733,-2220.8819882927874
ID443,A,2433.9292751742864,401.8167699750581,5314.539647872302
ID591,C,2602.3141204687226,392.7254944375154,-2195.1100027963657
ID513,A,2509.158573869376,411.6316820614464,5502.318597695866
ID905,A,2361.462813433027,364.2346498696557,5279.275555728159
ID485,A,2389.268048665369,378.38301070215095,5262.333289730146
ID291,A,2591.9302869707753,392.6147348179066,5820.74098514472
ID376,C,2555.2524085258383,379.8564340259559,-2186.412079646544
ID260,C,2510.1764072987626,391.28833317244045,-2099.9516240416847
ID559,B,2472.5968185752054,412.8056956852424,4931.97995369468
ID413,C,2521.0567977628584,401.9820508200397,-2132.8646055536965
ID121,C,2588.0296249253247,419.95925553264385,-2187.388106837041
ID352,C,2647.5853280487286,402.93062926527614,-2250.5152566386087
ID847,A,2652.3684199440604,414.8869124724179,5874.396963572689
ID956,B,2537.1959900758497,399.03894549807256,5059.252190881628
ID660,A,2482.806830963548,391.14586774960327,5516.56886339355
ID574,B,2514.6248007818854,422.2085208331283,5035.608169920411
ID158,A,2552.212035725508,389.359745680959,5714.78419325001
ID610,B,2551.8066943845092,405.1576723468645,5122.683361799994
ID781,B,2630.7986637140107,411.5334604483671,5264.672420932537
ID575,A,2711.5755721916653,412.62239056706284,6062.630601321621
ID799,A,2479.4745370385913,382.5183599466997,5505.429294472064
ID882,B,2715.5884908824464,415.77925608742396,5421.516293056772
ID289,A,2617.2239246758395,385.31567130839096,5943.158404691664
ID786,B,2489.9177009814794,412.1605548302499,4964.771368574725
ID662,A,2649.856483886508,408.02760206573646,5913.6689681868165
ID975,A,2668.5648301419164,412.27945992669845,5956.704292509283
ID666,B,2453.970455580615,381.9249471835146,4911.3650492465495
ID343,B,2673.221525248565,408.8189461410159,5351.230850442616
ID931,A,2607.5082821035962,416.28390514612255,5748.972567534657
ID604,A,2736.8559127979192,402.9009367474261,6200.6144251185
ID230,A,2457.59614180005,387.72074980593135,5453.493566440174
ID584,C,2464.6573256264005,413.79621421491987,-2063.344612150212
ID918,B,2297.333787025666,401.7087944215115,4597.552672573397
ID746,B,2557.119392056796,374.8833360425846,5092.419898905627
ID120,C,2537.525125561872,386.5571580652501,-2175.8529217428604
ID940,A,2443.700632846433,392.1055820315954,5369.593936011098
ID266,C,2491.8149268511943,422.5872743145948,-2062.7070977092626
ID373,B,2368.8778989824887,419.9527462945932,4757.323811291828
ID487,A,2619.8444952831687,419.90452796585015,5789.048346816381
ID700,B,2451.030052547169,403.485404165258,4917.8984331423235
ID415,C,2800.0,413.703921876688,-2377.5700891905353
ID113,B,2482.4398699288968,382.88830886971164,4966.7993181270795
ID341,C,2424.038115895169,400.10204647589154,-2042.310806177478
ID876,B,2458.768688126514,406.77449052474395,4915.784936984126
ID445,C,2358.803902345575,383.8765141403632,-1959.442867190113
ID664,B,2548.227189070294,403.1486813446281,5107.233760412924
ID997,C,2458.010030022088,425.29958778706515,-2048.1464519952183
ID439,B,2613.125279039774,408.3815467684094,5233.61886584665
ID191,A,2472.5252504825585,413.7631780999618,5355.100574690279
ID466,A,2638.444211168565,363.2138961485161,6103.4618342044905
ID554,A,2575.745574931704,423.36953273729387,5610.054794444115
ID527,A,2502.8596776718346,397.20816478371745,5530.525216700246
ID608,A,2658.023258735082,388.46970528894934,6040.089006227448
ID875,C,2595.229346103721,397.380432222851,-2205.546419066047
ID134,B,2794.6212826663227,377.72466762578654,5594.70273406923
ID305,C,2459.0544755021797,415.71913092628216,-2045.6080862648641
ID180,C,2507.661610545846,394.9690641583931,-2130.539352800408
ID661,B,2656.870901101093,388.92053781960897,5307.002517781728
ID971,C,2345.6462188164887,397.4791740146745,-1966.9313210259593
ID487,C,2631.694356323256,416.7702348186421,-2203.162999083773
ID101,B,2543.930275768147,401.97187601171834,5092.131224066946
ID489,A,2411.178924455275,378.854593456998,5334.997918746364
ID665,A,2363.696034144888,406.97471244611626,5073.260796323546
ID205,A,2432.7510526869714,386.06530068516065,5368.742545526084
ID871,A,2271.5180427674427,367.65848452937774,4959.087032583838
ID921,A,2451.0460556308494,422.44010819075766,5235.663883456554
ID576,C,2562.255633334258,406.8584481224153,-2135.8029349645635
ID802,C,2452.369935903117,398.8259400429488,-2061.577703361238
ID501,A,2638.8312701433806,394.8158572795495,5945.717179497488
ID829,A,2665.9947602725288,420.95619251099976,5902.129837756763
ID655,A,2627.5644482625776,446.30732725297605,5658.236090337512
ID261,B,2523.0640910264365,406.73170777849776,5075.521699640371
ID301,B,2267.532072751353,384.5554797650819,4520.948506419627
ID369,C,2429.6302507967393,397.6830172169804,-2044.8647905461528
ID962,A,2485.7961473225614,406.45859008141076,5411.178438195405
ID915,C,2410.613235049519,364.757075395122,-2049.4071807066
ID370,C,2486.049452451343,405.01748802667174,-2067.8394357664815
ID555,A,2661.006746869338,406.5463769423962,5937.907540938475
ID561,C,2335.422347048468,419.8951329698083,-1902.1668880073323
ID826,B,2681.1692056119027,418.3318495355958,5362.759931262938
ID351,B,2588.4726421754135,401.667582404343,5163.6373240322955
ID801,B,2526.8216808277693,422.7195535987054,5032.626922176724
ID395,C,2428.6383444259236,430.5351747855813,-2016.434015566054
ID824,B,2412.6049654508574,400.4192718286669,4817.219690002908
ID819,C,2337.378228541126,406.2728061770162,-1933.1352364730299
ID848,C,2671.676548031439,373.49053970334137,-2282.033252607332
ID437,B,2653.761156007404,378.2354010633837,5317.111370561067
ID978,C,2359.371537141672,387.4270552898572,-1982.0117768767784
ID152,B,2444.73720050938,393.3457254322442,4894.378384419226
ID891,B,2543.314476923191,383.55815462892895,5106.447509076688
ID316,B,2470.0490861827793,399.46006882034135,4962.585181417919
ID863,A,2308.1325242968182,393.7943624848807,4951.652888327409
ID287,C,2434.222723944431,416.0634284700942,-2006.6598343178769
ID479,B,2695.1034298020018,392.8783953177444,5406.886324006658
ID592,B,2441.0021409585556,365.6992307767676,4863.91941883897
ID140,C,2483.6532663297794,401.88626758803133,-2087.9158837876644
ID256,A,2385.4822575964617,399.7870296338299,5184.151849433315
ID114,B,2558.776298528375,387.0692517789326,5113.9401637352985
ID912,C,2511.5151799024584,401.42499825245557,-2145.237598026416
ID164,C,2425.798025844302,383.87103117660496,-2043.378536392338
ID956,B,2369.5344604192574,404.94759930435015,4752.564426827905
ID938,C,2640.4543374010877,439.4938665539478,-2200.882345605529
ID620,C,2339.445659335892,372.9159179063985,-1957.9453740678857
ID443,A,2550.3815695589556,392.2563686948626,5701.121529174422
ID228,A,2284.6120755288425,389.85242317826294,4900.314861278024
ID747,B,2570.7211683012383,393.50110174768685,5135.209620765504
ID571,B,2597.029888726006,415.2988686939546,5195.901069163463
ID162,A,2609.478371163991,408.14239838978534,5789.856468618205
ID238,B,2483.8791531430134,412.7314975390964,4968.407228124191
ID598,B,2658.4003605563694,400.45743257130397,5317.942599384928
ID692,B,2730.7791694996067,380.16851020082714,5452.575785383765
ID491,B,2467.8376863954036,383.2797195811003,4944.678815711779
ID774,B,2454.8994969870073,411.19389561199887,4916.98977733937
ID518,B,2514.9177260344936,402.56247847619943,5013.803351669362
ID388,C,2452.2319854105795,418.90311109118255,-2037.9988221244284
ID478,A,2437.612980398988,404.39893154870197,5291.961241923927
ID872,C,2446.326145975849,382.25477510001815,-2070.483126903145
ID589,B,2671.5756008006247,392.1714727872527,5350.7996653323025
ID330,C,2577.1881995035433,408.47221224524395,-2169.518577719785
ID140,B,2451.905387274191,410.6549874435794,4905.839644901845
ID127,C,2254.4874974277714,412.8266294823203,-1846.469379635248
ID234,B,2345.553550639353,384.2721383019221,4667.188475397778
ID300,A,2550.342908260188,381.9845475088461,5716.501807377584
ID939,C,2287.844405861118,397.15296220378866,-1883.616129097025
ID879,B,2529.2993527451954,421.60110274800184,5061.801650408263
ID132,B,2393.4436275134976,389.5919751878797,4792.1512015032085
ID147,A,2509.1805774580675,406.8245783590146,5495.032514683884
ID602,B,2506.3856301334145,406.8259170840845,5015.346069107311
ID506,B,2512.058993389071,411.4115912450592,5035.7462672615675
ID673,B,2460.557815292148,424.96660380922316,4926.451063053113
ID827,C,2457.2714374392267,423.4285963714916,-2021.3519288640618
ID904,A,2427.920958106356,391.08091249240744,5330.41585395175
ID198,A,2548.389231724189,368.5315683803699,5798.90527238448
ID783,A,2580.5192674780947,389.8220599695289,5794.777936932514
ID971,A,2378.102747746387,401.13508441070854,5118.598686607772
ID825,B,2494.837152770773,394.57532083471517,4985.116142394603
ID646,C,2519.658207348774,429.518484143922,-2088.0088675011716
ID838,B,2518.3771134623044,400.28170456474675,5038.726046907421
ID712,A,2516.6769619596516,409.8056782038429,5499.7254682997045
ID561,B,2459.7965189654774,403.25821464471016,4902.934821408864
ID742,A,2527.903042546254,394.80050224763767,5617.3435309576225
ID868,C,2561.802871098362,371.12782483056003,-2180.6643053886073
ID104,A,2514.1036655822563,398.8207354218777,5567.931605580407
ID317,B,2550.5939836533726,448.8197093973119,5106.48927926581
ID602,C,2599.035341103751,381.3331240024325,-2217.6846750910204
ID866,B,2314.905964210473,372.77690433438664,4617.655574305624
ID497,C,2594.346384186537,429.04583953853364,-2147.396330215671
ID970,A,2534.2427765221273,411.13124454804,5550.04610254867
ID894,C,2388.8374672261275,402.81129820785156,-1983.7056909323705
ID492,B,2580.247088231969,420.44010793550586,5157.445502085791
ID306,C,2460.167909397604,387.5274708556585,-2076.456073339164
ID114,A,2473.8033563681447,398.4010785862802,5437.663876981644
ID957,A,2449.232021753434,414.32731175351233,5263.802219020836
ID653,A,2530.2398844238223,431.65531551730595,5451.9482579948435
ID991,C,2421.4646857487946,382.47183528015086,-2022.1025329781833
ID560,C,2590.1474629947784,419.2110168784059,-2175.185184678777
ID790,C,2486.113741280533,405.72758591261476,-2090.7525301583946
ID674,A,2463.579751651206,402.4459160114412,5354.327203036147
ID963,C,2575.287567761397,399.8840616661789,-2190.420472565029
ID842,B,2468.044323768092,379.23030068958093,4944.847585450779
ID340,B,2594.81768253623,414.44633497319546,5193.419467379268
ID663,A,2597.9592950840865,388.2659646951051,5858.471904560406
ID195,C,2366.5196161781023,383.8046394624648,-2004.8619323395274
ID999,A,2610.926020222292,413.2818843835051,5761.618851308119
ID833,B,2353.7964028498113,411.83701037720016,4724.000079375008
ID584,C,2617.1580526882512,401.1850012541659,-2217.1253802979177
ID506,A,2702.8357192230237,416.1931543121746,6012.27384929271
ID330,B,2587.483443826913,421.3890487221867,5173.6276596837115
ID848,A,2284.3019355300326,419.6233611673831,4745.5367917327985
ID754,B,2606.356571938602,392.0758153989703,5216.717292596549
ID270,B,2724.6128965936014,415.2115739691957,5449.472337733855
ID640,B,2469.696835900197,403.1746146626297,4945.913231769382
ID135,B,2496.529667997011,425.88861655528564,4978.444252472841
ID624,B,2381.1513278073567,398.1440749559924,4756.918056790732
ID259,B,2531.2079418819667,394.65292543947504,5075.501095860723
ID938,C,2626.917718254313,390.79304684735683,-2252.376032060182
ID798,B,2569.7737128149456,402.8393184135333,5127.510081437412
ID342,B,2800.0,407.00088201388155,5602.391567719905
ID185,B,2503.3027042965796,407.28943424390906,5010.046166662165
ID895,B,2336.9326632584734,405.23758810467785,4667.999128404033
ID677,B,2517.0970971568217,410.0655551901971,5030.8529997219775
ID781,C,2258.354823478751,396.661872461284,-1855.2942442787992
ID656,B,2446.6896075135487,386.91227026612194,4903.574835048215
ID673,A,2662.4382058600213,385.60258004629526,6046.471057365111
ID745,B,2532.5133648631772,414.625766429552,5069.39856397389
ID895,A,2517.941681283127,407.05483465792435,5536.695062559827
ID127,C,2682.0780376715356,372.16243343574513,-2311.306308972124
ID719,A,2472.940010833663,416.4513014019991,5323.605455645532
ID655,A,2626.1820412934107,428.2065271960398,5724.000384994107
ID439,B,2512.930697516634,389.261247238622,5023.932545737526
ID897,B,2538.0047463459027,405.0424006941406,5088.439660350217
ID430,C,2378.2695144136987,392.8981285955146,-1985.8604560163435
ID739,A,2451.7953205171784,409.4246038820675,5310.53372590007
ID605,C,2360.2481767156128,382.5098666638716,-1989.6944102378268
ID447,A,2490.4754921774656,398.92831514351826,5488.5823124105245
ID572,C,2539.0402343916267,414.7197119199817,-2138.068425325629
ID330,A,2388.9961894908547,418.5356760894826,5068.256230213891
ID289,A,2704.9178922684823,406.39743728379534,6090.3254687310255
ID324,C,2527.810601909196,394.91432045185394,-2157.369459437181
ID484,C,2505.779558558522,376.1109837348459,-2127.5810410274476
ID476,C,2576.9657751345626,388.63675433141077,-2200.7979035998533
ID382,B,2417.107191913408,392.9608989286783,4834.412976613725
ID732,C,2516.3477479167454,389.53399325047576,-2131.0384219588127
ID727,A,2428.3133779642408,400.89329452470423,5305.743679173383
ID844,C,2655.867991008898,394.8716839574307,-2265.713761321866
ID358,B,2394.136065060292,402.58182058503166,4810.383946595184
ID458,C,2506.3165459307174,418.03940951571496,-2081.233708920802
ID809,C,2532.9315785151775,393.90306668155955,-2148.6460194823744
ID555,C,2539.4825744407703,379.2569953411866,-2156.2558479964664
ID510,B,2441.876482691717,389.4743860281269,4880.10004842738
ID748,B,2410.44905978549,408.75382704959907,4823.8040094598755
ID417,C,2443.32048269539,410.1691567742901,-2041.7180177702994
ID776,A,2552.8325434210283,406.0912779552435,5648.323372087019
ID324,C,2485.615422908804,419.5110595883202,-2054.999586230923
ID918,C,2579.620880845252,397.20455395184524,-2182.0349480754676
ID333,A,2547.7003719395075,430.7824922201399,5509.938031934658
ID783,C,2272.308730190039,412.2728070415886,-1859.1445722194564
ID763,B,2524.749779683721,362.14768794688183,5062.671058945776
ID926,C,2725.045476781627,427.0098794494535,-2297.5759902819045
ID473,C,2632.526905103833,388.49520084796416,-2239.305053118142
ID771,A,2542.201316070697,384.48848215814604,5703.184272050046
ID707,B,2394.060786953006,407.8565666474934,4789.265190152499
ID571,C,2547.7553716125644,373.92729291495186,-2171.7816963729565
ID332,A,2573.974993987826,389.5679615301758,5766.048392322738
ID791,B,2474.6253319172415,423.35647810936314,4944.437839831406
ID212,B,2531.674205880444,408.34326368496255,5060.747351563054
ID929,B,2650.966245839604,412.1835967140883,5304.6890238808355
ID596,B,2414.2725580258275,390.1463409925379,4828.178167817613
ID541,B,2394.1700395040875,376.92445001547844,4802.416469414084
ID663,A,2569.2699325994213,410.602261439706,5664.963910427488
ID367,C,2545.754263619808,413.9538423436293,-2134.1563519484835
ID609,A,2602.883829541281,413.2749007912166,5758.858391437184
ID906,A,2556.979381190377,403.136038451768,5677.734198795197
ID485,A,2443.2244936825805,385.49397634791893,5377.677683769081
ID486,A,2543.2192651465407,436.56654382089596,5458.012557355937
ID212,B,2385.787345670383,407.19681164476265,4763.258880972788
ID712,B,2474.9681288267006,397.3917003761625,4959.545233909281
ID724,C,2550.2799230966402,397.4582614377495,-2137.9628063711334
ID180,A,2463.948578327611,402.2439621711033,5370.102012993189
ID798,C,2746.8052182229826,416.0441239323697,-2352.989019478802
ID212,C,2310.781575117633,402.8444218495818,-1897.911944209461
ID101,B,2445.250964300119,412.8776973017125,4892.126758390042
ID741,C,2406.222016613009,402.2709653183981,-2023.9723163414426
ID319,C,2429.9651192542046,398.3146916279443,-2001.2956535607066
ID665,A,2435.7001776519123,409.6187558999258,5266.4997864031875
ID954,B,2367.357931314101,409.04929050510697,4742.757063109703
ID835,C,2575.2702148572625,397.45548821357266,-2161.424913612945
ID324,C,2445.29047026129,388.76189563428613,-2063.4984620611617
ID484,A,2516.3573335588653,405.1259337211065,5525.007781416127
ID502,C,2456.5174238089753,401.1752300344389,-2071.174056739894
ID737,C,2430.911958771379,391.67692430843863,-2046.5304158303625
ID229,C,2667.227923608685,387.36399276194805,-2275.2360108411062
ID152,C,2592.2932182209406,406.15713765841684,-2206.119496568113
ID783,C,2313.1799600044856,408.2514258554154,-1912.564008697207
ID829,A,2302.5862551664113,394.5995182801771,4923.625966579096
ID771,A,2604.260883563649,391.30094446130613,5857.983035331859
ID809,B,2448.0146608451246,387.54617216444217,4902.925736830233
ID515,C,2335.091766606578,405.7338240871738,-1920.4521088668866
ID346,A,2604.573513254034,387.94034389538893,5886.004620022494
ID935,B,2516.912405009909,433.617018535311,5050.2902121786865
ID538,C,2525.157108483232,393.84577846043504,-2124.0243845785963
ID302,B,2580.953927200591,363.621785831911,5184.555885187915
ID283,C,2369.0022841717605,399.54742500056295,-1968.0208289160214
ID222,C,2336.8499178615834,398.90449780271797,-1940.025273909872
ID500,B,2658.0954294903204,416.67577851286285,5323.478547340961
ID866,B,2356.2833239257707,404.32189355091555,4709.9697137516305
ID393,B,2377.7762202924437,387.492472248403,4777.783217330188
ID379,B,2397.756462045423,395.70412189754836,4809.084725768469
ID936,B,2707.994592369052,404.91129657476483,5424.9925224684985
ID983,B,2549.3383300411524,367.5292862453438,5100.253692210801
ID709,B,2596.540797443538,420.07932601585674,5188.1918688300975
ID297,A,2519.616754557873,387.53245171293,5629.603905163782
ID610,A,2439.8112788798767,421.25565731421426,5199.630380646395
ID851,B,2563.1291283260166,405.88697711689883,5144.670619053325
ID243,B,2344.33840292032,409.4439120459096,4686.545165376016
ID708,A,2390.4716547903504,417.2413515400191,5088.869487469845
ID300,C,2573.297517926148,408.5969807903875,-2175.61575005008
ID223,C,2364.274476917322,410.09329324476175,-1945.5053485151295
ID286,A,2481.0918530838126,397.5337533930793,5450.161892931981
ID425,C,2485.6487655644587,405.5825302220814,-2072.275489858716
ID563,B,2447.1337996662837,391.18753277542385,4903.356320960296
ID448,C,2304.888152515114,394.8488335061805,-1917.8109043719962
ID870,B,2437.1071108811307,429.47042571953364,4860.731872311293
ID759,C,2417.5031623067516,387.8770962242437,-2011.2432670839733
ID863,C,2516.1439863287696,402.3147568995442,-2116.1368178375747
ID502,C,2511.049053869947,401.70203555073215,-2106.6488325266673
ID445,C,2537.7961459936873,395.338682923288,-2136.6318887746384
ID610,A,2432.4013727025604,407.7160140485566,5243.57964630612
ID246,A,2552.2777950465893,408.8458313911207,5618.156221826002
ID247,C,2344.3993267226315,386.1127122527863,-1957.0970960359894
ID963,B,2317.8095267347644,401.52035067319827,4627.896685097076
ID810,C,2266.4427275833373,383.76448991841465,-1896.5566694829754
ID919,A,2450.0702760428003,411.8282292747595,5298.34030833009
ID588,B,2424.670177566144,402.64730965543936,4862.872899230627
ID739,B,2578.93156118546,401.2349483007563,5160.0062085796335
ID650,B,2435.133741295113,409.88547023308604,4853.0538984880295
ID437,B,2527.337634794427,395.867345642974,5041.987275782757
ID971,B,2581.3296576583075,413.71032938827307,5157.473830804726
ID740,B,2431.3680924350883,385.77332690865796,4881.511621764105
ID878,B,2529.8052210107176,421.1781477834179,5056.649434076248
ID572,B,2600.1927548955196,391.7363322616772,5194.762682717461
ID250,C,2376.183722519443,374.5573139845662,-2021.7082261309902
ID514,A,2502.4852338244646,395.07197637305904,5524.2156021267765
ID397,B,2431.7965616800684,393.37047704118686,4848.797887112247
ID710,B,2382.551011750686,394.95889020774945,4753.063865530298
ID362,C,2346.354825950977,403.47472023225976,-1941.4406975568124
ID863,B,2380.93514278213,416.4676354133241,4757.056315096926
ID243,C,2506.0029005752012,397.12441129154297,-2088.484555851602
ID445,C,2338.9155544438254,389.62573645271647,-1936.3537775186192
ID723,B,2444.9272975911363,383.10179781574305,4882.5479879285485
ID671,A,2581.31944068529,392.97725813036436,5768.070217303162
ID980,B,2544.9010963418937,371.6826274112447,5106.393895911758
ID101,A,2446.9492377061842,389.1230035972546,5415.153205006081
ID996,B,2668.9690413358726,418.6608084379328,5311.607103749198
ID403,C,2689.303641391166,387.64961193132365,-2300.5397379721817
ID353,A,2502.6122431539725,409.4307379120046,5457.660500207134
ID751,A,2253.145708411569,381.60276865287267,4859.212723651063
ID552,A,2588.644819701626,426.5664384896583,5656.414284146525
ID136,C,2270.6023659966413,427.56410099597065,-1848.8469492326042
ID259,B,2647.6146110720065,408.86532334839814,5270.500839968046
ID108,A,2608.35849007423,429.8687890246528,5682.679617501216
ID332,C,2677.421250413802,405.33689462391493,-2255.404786966637
ID198,C,2526.026555836773,411.52775671224333,-2118.143916502767
ID758,A,2463.8614232818163,418.929008150973,5288.478779328908
ID915,B,2454.9898866309777,402.69577679647676,4904.732660397423
ID307,C,2445.37398289691,376.71433807622407,-2058.457180415111
ID230,B,2598.10686536747,411.83445032851597,5190.760199439521
ID503,A,2571.227148950588,392.922106083498,5753.016040038388
ID251,A,2512.022563343421,394.0370526856681,5566.216061590802
ID153,A,2427.781869207303,404.46842374718034,5260.098933536933
ID219,C,2762.9212631300275,408.49421319576055,-2346.01154201324
ID772,C,2591.237461396287,402.25201951009325,-2194.728400684564
ID727,A,2340.228808022659,409.53594304235963,4967.839670133992
ID686,A,2448.374398406287,389.39714298909706,5407.708714473372
ID724,A,2593.1776097408706,399.35944307915076,5770.892509936833
ID519,A,2420.0461078767316,412.73628175676305,5185.894272556512
ID521,C,2535.154795882589,426.5918676465507,-2123.6866997321613
ID203,A,2595.0796300336146,431.89653383459813,5635.944351887171
ID951,A,2200.0,406.494650240916,4566.263905178445
ID353,A,2489.196230021075,412.60014740118413,5388.824571304355
ID326,B,2493.1209153565123,429.7236874722279,4996.487533460733
ID211,B,2458.7927544316212,389.9374594489976,4910.919002924337
ID609,C,2530.169513494604,409.44549779068876,-2131.1841526499575
ID572,A,2565.7519607495874,411.5251442422922,5637.282018330778
ID198,C,2514.205094432461,421.71792154115116,-2074.7424895776953
ID252,B,2462.617260595057,382.9428792919567,4920.494974832155
ID960,A,2563.262129978427,385.90891324299224,5767.145890089706
ID995,B,2504.9053409274356,400.32073316657056,5018.5356421002825
ID977,C,2476.9299586804523,405.6659149348245,-2065.9447641695506
ID437,C,2368.772061466108,416.8429593060071,-1936.6762423640098
ID805,B,2343.7345214733923,407.76315663718407,4678.983650891198
ID921,B,2366.877020728593,397.72880154834576,4721.234023340582
ID262,C,2527.8329061220215,406.24692167134214,-2134.3415843229795
ID819,B,2492.092125239365,404.5156671441168,4982.4506294951325
ID780,A,2351.971590179254,426.1752464498168,4913.673978394591
ID260,C,2564.5917825793813,402.484884153528,-2160.3364074834694
ID679,A,2637.4309513179096,394.25374879671153,5941.947971006869
ID900,B,2440.1506383283663,406.74413545107745,4892.524156294965
ID497,A,2325.9018142631626,402.977279790078,4966.31277553793
ID376,A,2429.087361509809,376.43509966487994,5400.092763934689
ID915,A,2585.4460626794694,399.76521907566746,5762.442283113262
ID603,C,2554.8529858534775,398.48892631890993,-2168.726387773343
ID995,A,2407.756731398852,391.84192201331024,5263.602895873713
ID491,A,2652.1172137764743,415.53374931434456,5882.5157095608465
ID234,A,2634.8280065926397,388.2148060508201,5964.9618007016215
ID294,B,2426.699393672336,406.8342792928681,4858.379568483904
ID500,C,2425.670999703503,397.78214500234407,-2035.6174068897126
ID739,B,2440.717206262051,401.6154250847017,4895.258789357817
ID132,B,2449.2667224611455,406.176794365688,4920.399472315039
ID787,C,2595.0538007928444,380.38638424163497,-2233.8995302895128
ID559,B,2542.5329060476593,402.87491337602177,5070.478636143867
ID982,A,2587.7078769350587,434.3342123456981,5591.969565172978
ID569,A,2567.35651431867,376.6485498118191,5815.748182130281
ID474,A,2671.4527068193734,399.1358805442674,6041.435666606057
ID121,B,2394.061445619086,416.8485898723573,4790.760303119266
ID849,B,2538.0358530383915,404.52428871930397,5092.782249121495
ID769,C,2282.6178743765304,410.3195042817405,-1896.887856732233
ID137,B,2368.304442590314,364.36500983361077,4746.378918980617
ID329,B,2492.514661406515,408.97374061944925,4976.44312098193
ID464,B,2541.8206612754534,388.57467690649605,5074.862811715471
ID662,B,2489.818425797043,404.6481592687472,4976.65655527714
ID537,C,2443.280758118732,399.55847903635765,-2060.8172827591475
ID875,B,2461.058212250696,434.1749954374245,4927.429850805254
ID382,A,2636.9440976424103,408.20042985648814,5872.118723245391
ID126,C,2461.596782211986,398.3106425610582,-2060.0918326726805
ID325,B,2674.924162204353,377.3546086111967,5360.4926966743005
ID376,B,2579.4017073541136,401.81720352774846,5176.980799262557
ID897,B,2545.753734614823,412.34843317520233,5087.1429366405955
ID708,B,2380.6403089679006,398.79172162271163,4767.008825612639
ID383,C,2593.5238161399625,392.41515460093837,-2197.592803039004
ID978,A,2450.62294222515,391.4112000423052,5399.344200539871
ID580,B,2380.55602419943,408.02712153182983,4765.823220372452
ID552,A,2551.2843613079376,411.3908190896374,5615.985028610405
ID928,C,2361.205393943346,420.41815172981677,-1946.3033646354006
ID915,A,2423.775853787042,385.07500160184463,5327.643722513459
ID758,C,2498.988408853109,407.88966337626425,-2099.4732307002355
ID615,B,2721.8421424114727,398.174440683732,5452.77148802537
ID646,C,2431.308424420751,398.6164869305008,-2032.4119833864843
ID291,C,2454.1783480699423,406.02738781051005,-2053.762152345372
ID148,C,2573.2345054421644,406.11484380437423,-2180.037628858706
ID611,C,2376.1704311623953,407.9315215868736,-1965.5834761147553
ID116,B,2544.2806381020914,384.13793211706286,5096.295351507469
ID271,B,2620.592680761659,388.75282889250315,5244.85582618447
ID319,A,2469.29051152889,422.28802413276526,5293.391449948984
ID257,A,2602.6154281396866,396.6914129877874,5826.148914891693
ID576,B,2529.144992321181,404.59021597026845,5059.98010024105
ID145,B,2426.931803619622,415.81999468064777,4856.139970413856
ID472,B,2480.219531410349,406.9516460854123,4946.2274034084685
ID617,B,2462.024266001976,408.19783946458057,4926.41644821133
ID198,C,2491.236174218352,413.41866518865635,-2083.1046666512902
ID991,B,2515.271789921983,368.250043586545,5043.0310031160825
ID844,C,2558.819993497186,392.650747672592,-2164.5742221235905
ID136,C,2550.8668249587136,407.02908694749385,-2133.811987349345
ID379,C,2256.828642873785,420.8146646058649,-1839.6353549125172
ID448,B,2490.2691811227974,400.9914333948366,4977.349796194258
ID596,C,2349.0578086593237,387.32925307365855,-1943.797540630589
ID401,C,2472.4272747532673,387.7287092558425,-2079.4625432364387
ID280,C,2487.621041218908,413.25791805179614,-2082.937297555981
ID706,A,2597.614835808471,396.7333962641217,5819.94121936825
ID198,B,2496.98845328999,399.89199931314494,4987.577249778846
ID799,A,2525.921801834326,409.2254529065848,5534.346518623792
ID215,A,2579.305638065743,356.4771447595963,5977.57128596956
ID290,B,2622.77522598193,430.0055126726212,5228.375063312204
ID352,C,2487.698607664309,389.0338924742341,-2100.7740982512732
ID260,C,2509.417944168041,403.6290455421036,-2100.889638935113
ID355,A,2501.0023302242253,374.42954479755593,5640.035646700872
ID422,C,2445.7401035568923,393.66188334392444,-2066.9730271012986
ID227,B,2423.088477655761,418.67032069547645,4827.747472088622
ID117,C,2272.8114083574064,371.2574923050118,-1888.4649238285097
ID892,C,2392.333906547567,416.8930013078371,-1984.085883521376
ID834,B,2322.1369166790196,395.89455855651426,4635.126443262071
ID665,B,2625.5198484453254,407.3074666033029,5269.6426929639165
ID669,C,2518.8416008297427,409.8628662022767,-2108.1423068506842
ID422,B,2487.4061027053167,406.6213224923639,4975.727064142812
ID971,A,2428.251481391892,387.0257402255376,5347.46814970617
ID785,C,2502.9779263234623,394.53176280197465,-2123.1339483224056
ID891,B,2415.2020122344666,378.07665734123776,4838.512387861666
ID725,C,2517.4018556620604,407.3769449738212,-2105.111504425132
ID387,B,2524.573398292135,425.53082731023886,5051.171092488344
ID953,C,2413.8616297643257,372.6333866998531,-2042.624119535788
ID762,A,2411.9538035177593,388.57531140792946,5289.477017721571
ID738,C,2596.219935459512,397.273370861756,-2187.996763923187
ID254,C,2494.7140045708697,402.6001213557033,-2093.8093999736398
ID589,A,2421.897957073511,413.1876445215164,5198.986916150544
ID485,B,2462.949369831048,397.717000294635,4932.257457520701
ID884,C,2398.9405913293394,395.26061910331526,-2001.1844410578594
ID203,B,2493.2816419338083,416.5469605910461,5006.270596558102
ID492,A,2583.162830766447,409.9299335059496,5678.702423439913
ID910,B,2497.232933240574,408.0846696355165,4998.064755741555
ID345,B,2736.3633443675385,401.6877356738217,5464.259419369411
ID275,C,2542.1359568049,414.7472831637979,-2138.6937120581615
ID138,C,2522.995444784221,390.155359131546,-2138.324856125207
ID576,B,2409.1697869034197,388.10958576720884,4818.99572670862
ID781,A,2476.1466553157334,411.19151480303987,5373.671220843082
ID858,B,2422.098615696631,375.6244604612964,4825.98955680512
ID637,B,2283.4354771595877,401.3826926445473,4560.3779483630415
ID966,A,2597.426222212881,395.25162471606234,5819.395201676049
ID917,C,2448.854944444977,378.91367904020564,-2080.4644308141746
ID507,C,2423.9599925666694,386.03098630425603,-2051.3064131190117
ID624,C,2521.0570033958466,398.36535861556973,-2149.765232470192
ID927,C,2551.2499552221516,415.5094488474853,-2143.698827755171
ID605,B,2467.9225167093723,390.2056301311328,4922.049483031335
ID924,C,2499.739833239098,418.2007209985749,-2093.3463068378437
ID135,B,2574.61874073144,400.94768841334775,5145.975637823524
ID784,A,2463.9806405390054,419.6557705325496,5286.465122435754
ID119,B,2530.233374176333,390.9326258682993,5046.471893626354
ID420,B,2334.075538161085,399.2678561784195,4642.760977539372
ID875,C,2375.868100157225,405.5272540500549,-1966.7131104453981
ID611,A,2560.55397780804,397.30734305887734,5704.159144695434
ID499,A,2370.64413608327,414.2953622071785,5035.694657465984
ID753,A,2523.4137547113296,366.886544120646,5732.619235173307
ID982,A,2485.3001217802926,436.3360830818491,5274.253676119865
ID570,C,2463.553273747977,412.86661910492745,-2031.7412517237026
ID242,A,2417.153723103227,397.39702256447475,5245.663562961398
ID191,B,2590.9340018105377,391.7151748963398,5176.894126910604
ID453,B,2672.9891154519837,387.00369082827166,5325.314555334375
ID933,B,2530.019216260019,409.68423211254606,5064.386254024866
ID899,C,2532.2490715672816,414.9247250318853,-2119.0518472608524
ID826,B,2431.7669370142507,397.5621080780515,4865.969779383734
ID953,C,2380.390276817562,416.60485619467755,-1961.9479498717917
ID150,B,2496.0261095193828,386.3910992985832,5003.940718083208
ID764,B,2402.6250352041925,383.74283725019745,4811.707665983206
ID797,C,2322.7389871684177,427.2001180786832,-1885.5727735978132
ID674,A,2580.344581236558,408.86662920307816,5683.91418141552
ID289,A,2585.2166788251834,420.9527230271999,5665.204471719253
ID224,C,2414.1161227046905,387.1909043741846,-2035.5935712043738
ID249,A,2524.3964321279245,386.14711912346905,5634.475266254941
ID413,C,2600.1952267791767,394.6208602081369,-2202.3242556428036
ID669,B,2520.5026687061877,387.63911737691484,5044.628356568966
ID441,C,2380.6845353901267,410.5804781534268,-1982.9663388634897
ID404,C,2476.71065867629,388.7331091461033,-2090.056901031474
ID791,B,2632.680942004199,382.42495212899064,5283.220707810832
ID781,C,2524.7026643605113,402.13023118382847,-2140.192471915092
ID937,B,2553.9132103182806,380.6502073626218,5125.649051528714
ID882,C,2534.1629219369115,373.0080410278692,-2164.05526232604
ID153,A,2414.4488642021747,401.9988585079192,5205.2992420657065
ID543,B,2437.915478071736,373.7616993548468,4859.430175341677
ID712,A,2533.886515705174,411.62919094443134,5531.9518619405435
ID363,B,2581.687178002041,379.06999410620807,5155.887204394689
ID152,A,2609.990495091788,366.38989320370376,5996.765460153341
ID671,C,2414.1894455231804,395.5930502478881,-2051.038156832431
ID719,C,2543.3120534677196,402.16891754944726,-2138.901483208541
ID104,C,2618.704411171898,407.3721259552291,-2223.9933713165674
ID202,A,2401.2918229711977,402.5802354852378,5207.660562346617
ID295,B,2648.6747135799774,384.1103106832339,5294.107306511027
ID873,B,2663.894082734419,410.69591771389906,5339.102319529631
ID976,B,2762.508633962166,414.4020775971962,5538.341455683304
ID983,B,2523.0933440829995,381.9135680731669,5059.185967087594
ID449,B,2523.642467626245,397.2849079201058,5040.48805433694
ID146,C,2582.6994389117317,395.8833995933647,-2193.766441211023
ID966,B,2579.780267304942,403.3057237418205,5156.8608550184235
ID922,B,2612.6366860995604,396.9261431233884,5232.908220703668
ID919,A,2578.4033180465103,398.98183341890535,5734.172443807954
ID755,A,2489.393809096196,409.62723295362537,5418.614112837377
ID368,A,2622.19971209735,383.292203505983,5953.421244558209
ID469,C,2392.8745850307273,411.06059702891235,-1992.6726911143894
ID735,A,2500.5852336725375,417.1169909729688,5404.553446692819
ID205,A,2656.37356160498,424.512024902333,5844.6613937264265
ID769,A,2374.975350187968,367.8494901379396,5285.368745653626
ID758,C,2432.2524343002838,397.25647514327176,-2029.7893333969923
ID756,C,2567.174729107729,370.5234913846962,-2188.588598823614
ID219,C,2539.3911973236154,363.47404465340765,-2189.1059065170675
ID930,C,2412.4974592343756,402.1613957141122,-2020.0810827035862
ID886,B,2458.380599726986,394.0127231072446,4905.112172003215
ID703,A,2381.9217937349663,404.4977642765612,5140.22592864119
ID157,C,2598.048499952057,407.29191535130974,-2192.1998316831778
ID445,C,2474.4118642329468,418.7184393716188,-2055.4998733183875
ID840,B,2679.2155910760634,400.8088063795867,5359.124474520289
ID573,C,2508.110024404002,443.85033425978634,-2072.8477303088275
ID216,C,2478.0259696597122,404.5961478247782,-2054.6585876075815
ID929,B,2468.31782387082,427.63718566850815,4941.567967599465
ID890,C,2475.580016480757,365.0074329921363,-2110.0974971312853
ID226,C,2511.08210951338,420.2460929432594,-2104.0990936239273
ID492,B,2751.240757657832,397.2885926530666,5488.53832541579
ID740,C,2466.114032990064,370.77479110859093,-2099.0461322607425
ID157,A,2469.364653922869,406.3081766384218,5368.153177053637
ID733,C,2506.559384568318,395.4556669302352,-2123.9130497846413
ID612,A,2609.027450634426,408.70079872672216,5779.126862034808
ID850,B,2357.901543892722,415.1661468632662,4713.205951446133
ID901,C,2545.5092736909646,377.66274824857607,-2166.1451003968655
ID195,B,2418.257482397884,415.2237847368274,4830.4679311392765
ID737,B,2555.3272688950947,400.0971922633108,5098.563329454269
ID217,A,2450.6240057639543,420.2926176203991,5238.733878557972
ID659,A,2269.5897660242713,396.922776565032,4838.7110879983675
ID700,C,2536.9577602687486,392.94386661202867,-2159.034985893061
ID587,A,2536.114477034687,400.4058106103343,5610.672565631884
ID336,A,2442.091969152057,401.5279105956978,5324.870910434975
ID984,B,2436.1656139856996,390.058227977624,4870.875922261371
ID996,C,2368.8627274912346,392.5554290356707,-1955.0933497547016
ID371,C,2577.309994153887,381.59686698229314,-2189.6924992552613
ID288,A,2588.221578246681,393.4803236531471,5819.377953053964
ID803,B,2412.094911482411,410.14465089996366,4816.377054941844
ID546,B,2446.006554046115,397.93968739140786,4884.4057631735095
ID680,B,2493.6710878861036,415.13597944070995,4993.672621676367
ID889,B,2727.086528103555,397.2185579852039,5451.035468559279
ID960,B,2554.5121747588933,378.5272300341503,5129.252334616491
ID346,B,2405.658448499162,408.95912331334875,4815.417301601896
ID175,B,2530.3780309490508,389.895652884499,5048.221171259821
ID253,C,2362.330845936192,396.49949066854697,-1986.6731521701734
ID755,B,2571.799030991617,418.56358071226174,5142.659198875115
ID534,B,2667.5547393544484,382.5869431041773,5334.040001154498
ID185,B,2667.979168508396,402.4711568119658,5339.723528096492
ID796,B,2573.489350347434,399.39222474946314,5161.506987579939
ID384,C,2441.658764413187,410.51388573155657,-2018.1955190337032
ID319,B,2369.9098243485873,412.8273004822303,4732.872836309138
ID168,B,2359.979495663089,403.9575850637334,4704.433158504525
ID146,C,2219.3782890501457,394.594380301294,-1839.5933623689605
ID193,B,2569.3855763007923,407.1005875603894,5129.9295321377285
ID849,B,2489.71644797756,420.0348384571684,4975.032117378652
ID552,C,2590.921616645313,399.5906509054045,-2187.6702200723266
ID303,B,2642.8031485234787,395.9911582836546,5275.994685884206
ID317,B,2509.990554390241,405.82255386501987,5023.345812433841
ID573,C,2514.596160971315,400.58090530554415,-2109.670773915462
ID531,A,2453.5679655502536,379.934358641233,5462.752230035746
ID440,A,2465.391558282759,403.5899620059622,5364.681388854313
ID650,B,2572.8469912472933,379.7985638685435,5151.307903197418
ID711,C,2482.562496963469,405.6172096961267,-2051.9700517221418
ID388,A,2468.0992333247177,388.0428591339015,5467.0341662276005
ID353,A,2498.1683140557147,400.5531220627952,5456.3024306453535
ID833,A,2588.633019606159,405.85890859298854,5751.495070718097
ID456,A,2430.73384421699,436.80855018915355,5099.72580838481
ID122,A,2493.3471482447967,411.1412494268039,5451.523749886319
ID861,B,2524.527783777843,420.471982146135,5050.451928972077
ID621,B,2616.022190358524,428.07621728040886,5211.827972389217
ID857,A,2476.070322320058,407.3388387549917,5366.740403305711
ID936,B,2428.2176613948277,404.285347004008,4874.912211941766
ID199,A,2451.5639055727643,383.99918336760675,5447.966659711266
ID901,B,2605.305743301538,398.2505510139941,5237.323713232276
ID279,B,2703.3305298603464,389.15368405546207,5406.792153547575
ID322,C,2368.6242186313966,393.9841172481342,-1975.3184599838185
ID861,A,2390.4698384930143,428.05995064288703,5026.517136758705
ID758,B,2483.1203213297854,401.7193226379998,4958.34115976446
ID541,A,2511.0956096068044,386.86150633425837,5594.270142495628
ID707,C,2578.6969565554996,420.61800182036956,-2155.469394747242
ID868,C,2410.8866991398513,414.3291321435617,-2006.6843764392347
ID424,B,2393.6890963350534,415.11480238900594,4767.346720507619
ID615,A,2513.808715313363,369.90804695346407,5693.804430780939
ID115,C,2474.159927979283,429.2300643658223,-2055.324210797782
ID891,A,2592.6720997771527,391.6222788685917,5781.031652289219
ID435,A,2548.7359803190384,411.66932159189133,5594.492141685542
ID858,B,2555.537934763322,437.85699685925545,5097.779161069239
ID357,A,2489.5518653623135,432.32999122285923,5314.947113428933
ID596,C,2735.5580258568207,385.3365681179097,-2342.5672804607193
ID995,C,2416.225201840624,378.3322399449659,-2034.489881757384
ID259,A,2561.0809833754774,421.4551989827189,5605.928769297116
ID574,B,2373.0310012926893,402.13083717391,4744.4053803857105
ID951,C,2392.6532322260546,392.4867783804688,-2003.5941286555687
ID763,C,2439.2654401234545,409.3182782040857,-2021.7430928623658
ID789,B,2662.9323336618027,397.5568063381084,5325.19929897824
ID774,C,2526.389443045402,410.51986205573115,-2101.9436585409426
ID479,C,2440.9521931455624,401.004727117281,-2055.173136919188
ID644,C,2537.4436325954575,410.8358189249225,-2141.6339070401073
ID790,A,2503.514788142451,386.5820096629542,5586.824030008497
ID526,B,2450.802663086088,421.36693019698953,4887.627594900113
ID712,C,2360.3371144211774,410.4643505609866,-1942.5635805828783
ID367,A,2643.854248451229,409.69446054105356,5887.530476802944
ID934,C,2520.981812871004,383.2349510948201,-2146.0807212085156
ID676,A,2717.373837346824,425.4944862496637,6029.055122714954
ID516,A,2594.032162054088,399.794258509506,5768.310084265324
ID267,B,2555.1319724761042,410.9207329364476,5098.265145837044
ID941,A,2456.479567138303,395.15763304380084,5390.804283334959
ID142,C,2390.4654436143082,403.91333597023146,-1985.60497381521
ID655,C,2478.226901551155,404.45691028179107,-2077.4136537132185
ID384,C,2387.570740579417,357.7010360199487,-2024.6723129929908
ID496,B,2565.0190380730755,408.7367218698225,5134.699673126731
ID111,A,2663.265249769713,429.48012192583127,5860.747541380161
ID706,B,2473.908773388287,408.09670388487933,4946.674122610834
ID401,B,2594.4490972391195,385.63437626665393,5203.232955652448
ID997,B,2431.0770929783143,409.7494234923083,4873.202892111355
ID352,A,2469.753316179265,415.8922079526001,5357.326636174312
ID598,B,2418.5036015434557,407.6869977428558,4835.480106848084
ID853,B,2286.686696492949,398.88809340354936,4568.329088328463
ID134,C,2496.346665008139,396.36776161264106,-2084.8865727285734
ID826,C,2512.845173759775,396.3053536694979,-2111.914629229382
ID948,B,2606.5860998761636,410.46665351516816,5228.552110353734
ID189,B,2579.5438252669287,378.8931400741056,5167.689236109732
ID875,C,2580.8952899038995,394.4219025871689,-2211.7545324135244
ID704,A,2402.596377688212,423.9341473451642,5092.63425766319
ID701,C,2545.9497306070693,424.5129289986576,-2117.702210832994
ID517,C,2658.259396548159,377.8277936829751,-2278.8343200356167
ID214,B,2537.986785070908,383.02879583104584,5074.386653492335
ID716,B,2682.8593613064995,395.94069130708095,5346.613000279467
ID295,A,2701.896611111986,413.3888427567153,6049.235742559243
ID925,B,2473.1531729708354,372.58788468920517,4950.7915670787925
ID600,A,2430.306025491943,399.17787047623784,5308.252204463408
ID725,C,2423.8537834581048,392.8873126513053,-2049.4315370981026
ID592,A,2348.386417989678,419.8894701142785,4951.797517272185
ID174,A,2448.1597100584477,374.84637289046117,5467.4313536724785
ID512,C,2620.7665449756246,401.38810923240436,-2217.652979624114
ID475,C,2279.596242474876,394.0958584397711,-1888.1782996452755
ID519,A,2396.254659928625,422.0469838941593,5085.05235544484
ID828,A,2487.2868558348005,408.96478969529875,5415.082141576009
ID376,A,2412.2814799378298,391.212765111134,5268.157635157151
ID860,C,2447.271405575978,412.8007966499362,-2033.4335039006073
ID775,A,2448.7670325577697,394.1675672003714,5372.893167225827
ID493,B,2474.245977993825,414.9899456685963,4947.491232534103
ID968,C,2427.0545303890262,396.44384513671633,-2068.8644229647916
ID556,A,2418.878678614445,415.81999868153144,5185.727675438503
ID291,C,2593.430974592123,406.54122932690876,-2190.665708673376
ID838,C,2604.9654177860343,448.9073662103714,-2172.2358944638822
ID788,A,2361.945665475259,399.2065599187599,5100.874959034154
ID198,C,2224.0402600727116,405.74293437432175,-1810.6609369653547
ID647,B,2606.3374849570932,392.80862887426105,5208.747127558888
ID195,C,2377.1199581447863,400.0402801113217,-1990.905710587705
ID763,B,2521.274483845974,359.4724729877584,5044.685336508101
ID762,B,2343.432812697178,406.98376024811546,4688.342898409408
ID289,B,2629.775498525967,420.14311319424115,5270.643008447835
ID835,C,2754.366789530153,405.9494500689903,-2353.7421656394886
ID136,C,2518.2806909205337,380.29207813033935,-2123.6495471718144
ID879,B,2490.5897351540484,387.973192709365,4974.696434268068
ID468,C,2467.7860424809937,363.5471180926559,-2120.3889058028467
ID794,A,2578.179931131291,414.6838601029814,5647.5330998132395
ID624,A,2556.7686750934586,384.9023006093563,5745.0455837639665
ID378,A,2600.3498453552866,399.5693711468166,5802.416506223072
ID316,B,2437.2083477401916,397.6939364150917,4878.351029169393
ID966,A,2534.0117706404644,422.315905534874,5489.371295873601
ID972,C,2445.7531933293803,401.2792197694861,-2032.7461513671221
ID897,A,2394.2284351929948,412.13339380159016,5118.885207389482
ID372,C,2495.8984578996537,408.1969564622149,-2111.656816615896
ID980,A,2407.7487269622916,420.391171299421,5119.83716412818
ID161,C,2617.3726997742588,396.41314458245563,-2245.040899445001
ID695,C,2413.8079621984175,428.0442299575678,-1982.5070404688774
ID979,B,2536.354594068736,370.2150676540103,5085.395504125291
ID828,C,2439.6577701240276,412.86210247001856,-2038.6303614893993
ID441,A,2527.7062750437512,387.000705870038,5665.137976017767
ID496,C,2447.6003426544644,392.6087567083007,-2044.8776110094223
ID798,A,2374.2788725142464,408.5412140035155,5094.608309390142
ID118,C,2548.3772740951845,408.42103074771615,-2137.681477070253
ID276,A,2476.458437808678,409.0964202053511,5371.980030290256
ID711,B,2528.598494072246,379.20763083842144,5066.566773278261
ID495,C,2457.1157064369563,421.7354534691886,-2042.875463848988
ID544,A,2367.206348623155,386.49029322658487,5170.582193809781
ID332,A,2608.317859705626,388.490693646622,5880.443898970125
ID175,A,2573.675775544109,409.56845107250246,5686.681421551378
ID364,A,2443.3039024446757,395.6991823785814,5360.1797195122
ID554,B,2506.9779213498796,404.62391260843737,5012.989053120011
ID895,A,2604.2019483162935,367.6509895505082,5950.9316108738585
ID817,B,2454.29616641376,404.26486674278846,4900.9696032291695
ID834,A,2469.811549480945,403.2674781926832,5401.547924953233
ID483,C,2524.3632500007375,392.3521219335357,-2128.649804934643
ID663,A,2454.090893644541,368.88886060352814,5499.789714703029
ID950,A,2585.7091996987024,396.8078760777759,5751.409163037601
ID605,A,2483.109921969256,399.4393921030208,5454.478915194554
ID466,B,2421.5964125006026,394.49156514504256,4830.508138988615
ID243,C,2560.8638829873994,372.45738303351254,-2199.936057483938
ID984,B,2385.7869350568653,423.92101010975375,4779.645162859122
ID168,A,2701.4878561124215,390.4170770808344,6166.805048298081
ID198,C,2658.2496363580203,396.6669300561565,-2270.591130626299
ID495,C,2551.3495476921016,363.85788518172563,-2188.028786201722
ID124,A,2542.9331021819903,423.9228302304731,5508.294195401792
ID990,C,2538.24414178193,393.0017510239892,-2147.212840014299
ID568,C,2451.0905214081095,401.47694225611303,-2049.126397438121
ID583,A,2529.7309645680843,416.81106167224976,5514.2155724770855
ID664,C,2407.6867389542153,389.85543692925063,-2025.91839418572
ID250,C,2550.3818418440183,414.44867481079814,-2154.236497447413
ID243,B,2586.7846943031295,369.0801181608829,5193.849507809504
ID668,A,2462.1913899016668,408.2647998635697,5358.323233481032
ID138,A,2440.489820584528,423.5836324977948,5190.307644809618
ID208,C,2378.752297535209,391.2937472917296,-1985.830966138168
ID792,C,2645.795523356569,416.783224304476,-2216.88387307706
ID141,C,2448.4335966157787,427.50883978290676,-2011.9362294985594
ID285,B,2480.1260963983377,396.1773724291897,4965.796352515827
ID497,B,2530.0155584995728,394.93707571225207,5057.988394300045
ID322,B,2528.2207642889935,386.52559381251547,5077.16917567873
ID733,B,2574.656009568107,392.354047672223,5151.9623256057275
ID232,A,2462.067008016167,387.7696016459107,5441.1735047071
ID262,C,2386.1332061529088,386.5133335235916,-1989.16696388317
ID314,B,2368.6334691027682,417.98252945067037,4738.419641908953
ID832,C,2442.0744767157153,388.1511096206761,-2049.725794367996
ID334,A,2404.8149525325375,403.87782872079435,5197.493504412735
ID942,A,2469.638329469224,400.5735015282436,5412.008787651657
ID757,A,2630.7578810759983,422.47141843856684,5768.17507599437
ID850,B,2462.272179411631,392.4526565191748,4907.131082177222
ID687,C,2462.2349138665445,405.71722069981485,-2039.3081004879266
ID108,A,2498.3601223744213,411.8660455341416,5438.745154194026
ID173,C,2459.4375008787933,422.3462441098087,-2027.8410894400818
ID591,B,2493.2608764281804,392.233699824321,4965.404642214229
ID352,C,2554.0869222481347,390.7316129690143,-2150.5551119745464
ID329,A,2588.4751054763315,384.0732841905992,5838.80106773173
ID618,C,2600.3213199739025,433.5444943127236,-2176.4514436628874
ID273,C,2705.685222073102,420.7670865727058,-2285.67861351198
ID752,A,2556.935944617244,399.3669790853194,5662.237175898625
ID267,A,2723.4478901349307,428.97158726690583,6025.464953691557
ID269,C,2422.3518191940357,398.47204908451516,-2025.5158302736943
ID492,C,2709.1284902424586,410.8661570715029,-2285.537582308149
ID894,A,2461.962394578041,400.1525785258408,5403.284425130593
ID733,C,2471.7981069236967,405.9670817762571,-2048.0528356333407
ID293,C,2488.0127452577126,404.3764216380032,-2110.810503372463
ID616,C,2478.1379288841267,393.62521939935027,-2095.7347114428962
ID128,C,2508.5840396726503,416.38747807128027,-2119.4952027672384
ID264,C,2441.997199751156,410.7392862652585,-2045.580420779118
ID521,B,2582.996217307137,415.41541890252216,5158.198216083429
ID438,A,2444.716496537882,404.8034077824902,5315.059190083919
ID747,A,2565.5610398252893,386.401451773343,5758.436661795242
ID595,C,2652.7723619523763,425.64079099836556,-2233.0364118053944
ID464,C,2464.289763019226,396.06165649648864,-2066.0469303243403
ID932,A,2579.438341797918,405.4610054285262,5690.498282508629
ID441,C,2555.9159288903184,409.53072038233404,-2156.448326343551
ID599,C,2725.288688221975,405.3613257432643,-2325.970041988519
ID756,B,2449.516943515505,413.7312553184541,4896.605063167433
ID610,B,2579.5071616805785,416.10066883474747,5159.937771243864
ID426,B,2337.3988908223446,396.6274974542913,4692.805579121486
ID316,A,2450.4141589263186,424.38201012933473,5240.2324600652555
ID400,A,2535.3392837596907,395.996446687581,5616.803897547264
ID231,A,2639.315996908978,405.0512357332118,5889.5558633474575
ID903,A,2377.4066635015797,394.1848272459365,5157.3425846299515
ID169,B,2578.609064074111,389.89789716023813,5151.048297949973
ID351,B,2493.677654351704,415.662866331863,4990.625498613259
ID514,A,2347.8472346607687,446.82845346139067,4787.082082039701
ID886,C,2518.158684594879,394.5736016751952,-2113.016510263606
ID544,A,2670.9161232978213,418.2298236201712,5941.921861281192
ID975,C,2387.957734008838,395.1113303094971,-1996.0844901874027
ID281,C,2489.0062284629817,399.84272534715996,-2092.6358762172354
ID266,A,2401.3361015360433,426.3637565834751,5074.074052657258
ID190,B,2453.1417068089986,383.8969707238704,4918.51604534152
ID813,A,2643.217014352463,379.92761397065317,6026.121448602316
ID957,B,2472.8475524508617,398.69202026855277,4956.902446894945
